id,first_name,last_name,email,gender,ip_address
1,Clarke,Selborne,cselborne0@senate.gov,Male,4.136.150.234
2,Ashleigh,Baildon,abaildon1@google.cn,Female,16.231.187.222
3,Roxane,Insko,rinsko2@patch.com,Female,149.162.126.204
4,Pepillo,O'Cridigan,pocridigan3@bloglines.com,Male,122.213.139.224
5,Noelle,Peirazzi,npeirazzi4@hexun.com,Female,157.175.219.172
6,Nikos,Labbett,nlabbett5@163.com,Male,16.72.178.108
7,Eldridge,Malby,emalby6@un.org,Male,30.128.55.163
8,Abrahan,Gadault,agadault7@liveinternet.ru,Male,186.115.92.227
9,Derrek,Bodle,dbodle8@wikimedia.org,Male,252.82.44.218
10,Gerard,Heggadon,gheggadon9@springer.com,Male,192.182.100.71
11,Jed,Pitrollo,jpitrolloa@weebly.com,Male,193.186.236.135
12,Wilie,Maxwell,wmaxwellb@creativecommons.org,Female,19.83.233.177
13,Che,Mioni,cmionic@ucoz.com,Male,105.249.87.210
14,Delmer,O'Donegan,dodonegand@about.me,Male,133.230.108.189
15,Sebastiano,Corragan,scorragane@rambler.ru,Male,22.233.142.130
16,Willis,Lapham,wlaphamf@cbsnews.com,Male,4.228.111.67
17,Lefty,Medlin,lmedling@prlog.org,Male,24.199.12.73
18,Angil,Dufer,aduferh@nyu.edu,Female,100.42.58.33
19,Hoyt,McGeachy,hmcgeachyi@oakley.com,Male,182.92.180.8
20,Jerrylee,Guarnier,jguarnierj@youtu.be,Female,251.150.52.131
21,Shalne,Harcombe,sharcombek@springer.com,Female,93.35.237.234
22,Pollyanna,Cadd,pcaddl@intel.com,Female,59.127.246.69
23,Maybelle,Kelwaybamber,mkelwaybamberm@sogou.com,Female,170.182.253.16
24,Constantia,Salman,csalmann@mapquest.com,Female,43.231.225.54
25,Zebulen,Gunnell,zgunnello@mediafire.com,Male,25.36.2.26
26,Nestor,Leupold,nleupoldp@skyrock.com,Male,63.182.133.246
27,Isaak,Lovel,ilovelq@state.tx.us,Male,37.137.11.40
28,Perri,Eldin,peldinr@loc.gov,Female,102.91.83.95
29,Doria,Ades,dadess@ucsd.edu,Female,169.146.179.147
30,Helaine,Cadalleder,hcadalledert@spiegel.de,Female,119.254.32.198
31,Lydia,Dugood,ldugoodu@domainmarket.com,Female,130.122.227.147
32,Gabe,Belderfield,gbelderfieldv@patch.com,Male,128.2.205.117
33,Danna,Habble,dhabblew@t-online.de,Female,148.174.77.182
34,Steffen,Brouwer,sbrouwerx@rakuten.co.jp,Male,9.112.90.121
35,Eden,Simonutti,esimonuttiy@discuz.net,Female,21.160.198.5
36,Patricio,Kalker,pkalkerz@bigcartel.com,Male,32.231.26.172
37,Jennilee,Leeming,jleeming10@blog.com,Female,113.35.123.123
38,Balduin,Heaney`,bheaney11@hao123.com,Male,230.235.53.80
39,Reube,Hardaway,rhardaway12@tripod.com,Male,118.101.125.204
40,Anita,Rahill,arahill13@google.de,Female,161.69.112.236
41,Garvin,Rudeyeard,grudeyeard14@google.es,Male,4.199.2.183
42,Joellen,Spurr,jspurr15@photobucket.com,Female,175.4.215.176
43,Denys,Tapner,dtapner16@npr.org,Female,213.227.96.132
44,Vicki,Faveryear,vfaveryear17@sohu.com,Female,32.60.34.5
45,Leif,Fant,lfant18@ustream.tv,Male,202.132.230.192
46,Theresina,Aleksandrev,taleksandrev19@hibu.com,Female,164.195.228.58
47,Meryl,Westphalen,mwestphalen1a@nymag.com,Female,200.180.156.222
48,Warde,Siemantel,wsiemantel1b@hao123.com,Male,219.99.94.233
49,Ariana,Desseine,adesseine1c@va.gov,Female,166.25.192.161
50,Starlene,MacCarter,smaccarter1d@squarespace.com,Female,91.101.152.91
51,Emery,Merryweather,emerryweather1e@ox.ac.uk,Male,25.56.24.244
52,Aleen,Dufton,adufton1f@cargocollective.com,Female,164.45.84.39
53,Hilton,Whatsize,hwhatsize1g@soup.io,Male,240.75.155.110
54,Marcelia,Juarez,mjuarez1h@wunderground.com,Female,76.23.133.242
55,Ike,Mossbee,imossbee1i@google.co.jp,Male,8.159.65.26
56,Annmarie,Collough,acollough1j@nhs.uk,Female,101.34.136.231
57,Farah,Laweles,flaweles1k@addthis.com,Female,81.28.207.78
58,Ferrell,Cassimer,fcassimer1l@hao123.com,Male,105.45.55.223
59,Devy,Bampkin,dbampkin1m@hostgator.com,Male,104.41.175.16
60,Dory,Schops,dschops1n@hp.com,Female,219.6.207.209
61,Monah,Fuge,mfuge1o@amazon.de,Female,6.1.156.243
62,Domingo,Gilley,dgilley1p@census.gov,Male,119.251.126.199
63,Rois,De Witt,rdewitt1q@goodreads.com,Female,211.30.80.120
64,Peder,Flood,pflood1r@jigsy.com,Male,13.187.143.177
65,Guillaume,Nassey,gnassey1s@paginegialle.it,Male,191.109.196.87
66,Sibyl,Ghilks,sghilks1t@adobe.com,Female,218.69.29.199
67,Conant,Nizard,cnizard1u@netlog.com,Male,246.184.216.178
68,Lonnie,Cliffe,lcliffe1v@sfgate.com,Male,114.50.230.165
69,Fields,Capineer,fcapineer1w@odnoklassniki.ru,Male,174.71.233.223
70,Aline,Howel,ahowel1x@sciencedirect.com,Female,64.127.221.59
71,Melessa,Cossum,mcossum1y@feedburner.com,Female,215.101.213.46
72,Lorraine,Antognelli,lantognelli1z@cnbc.com,Female,169.225.101.11
73,Georg,Daniele,gdaniele20@cornell.edu,Male,158.30.82.169
74,Iolande,Hyam,ihyam21@cnbc.com,Female,5.101.53.115
75,Far,Altamirano,faltamirano22@yellowbook.com,Male,39.65.124.80
76,Cal,Tack,ctack23@furl.net,Female,135.75.224.216
77,Brynna,Crippin,bcrippin24@github.io,Female,61.22.164.104
78,Gilligan,Ealles,gealles25@mlb.com,Female,27.150.103.10
79,Fran,Birdwistle,fbirdwistle26@blog.com,Female,58.136.152.160
80,Agnesse,Halsho,ahalsho27@altervista.org,Female,123.62.47.100
81,Davey,Babinski,dbabinski28@ucoz.ru,Male,57.122.168.70
82,Barbara,MacPherson,bmacpherson29@about.com,Female,211.82.86.71
83,Gunter,Zmitruk,gzmitruk2a@go.com,Male,175.69.84.89
84,Mack,Glacken,mglacken2b@apple.com,Male,124.133.88.56
85,Eduino,Saenz,esaenz2c@uol.com.br,Male,131.239.170.244
86,Melitta,Feather,mfeather2d@etsy.com,Female,127.90.33.35
87,Ancell,Geldart,ageldart2e@facebook.com,Male,99.202.120.254
88,Chip,Igoe,cigoe2f@ucsd.edu,Male,242.239.166.242
89,Rutter,Emlen,remlen2g@gov.uk,Male,253.19.82.5
90,Roda,Beddard,rbeddard2h@devhub.com,Female,59.173.230.208
91,Nariko,Rentoll,nrentoll2i@cnet.com,Female,183.86.216.56
92,Nanete,Greenham,ngreenham2j@tinyurl.com,Female,214.242.254.75
93,Che,Joyce,cjoyce2k@seesaa.net,Male,254.115.191.95
94,Rosie,Laing,rlaing2l@bloglines.com,Female,164.117.44.129
95,Sigismund,Brosi,sbrosi2m@ucla.edu,Male,139.4.170.211
96,Sandra,Nisot,snisot2n@rakuten.co.jp,Female,233.88.148.69
97,Philipa,Nornasell,pnornasell2o@buzzfeed.com,Female,165.77.119.21
98,Axe,Cave,acave2p@diigo.com,Male,87.36.27.103
99,Jaime,Findlater,jfindlater2q@dion.ne.jp,Female,8.143.161.155
100,Byrom,Briston,bbriston2r@google.pl,Male,242.255.58.130
101,Tobye,Dumper,tdumper2s@so-net.ne.jp,Female,214.189.211.233
102,Devondra,Shelsher,dshelsher2t@spiegel.de,Female,86.108.216.30
103,Stormie,Gross,sgross2u@fda.gov,Female,73.16.102.99
104,Fiann,Linzey,flinzey2v@netscape.com,Female,124.56.165.190
105,Cord,Gerasch,cgerasch2w@fc2.com,Male,236.34.33.109
106,Marchelle,Girk,mgirk2x@ebay.co.uk,Female,6.122.104.92
107,Chadd,Divine,cdivine2y@bizjournals.com,Male,185.108.179.59
108,Foss,Heskin,fheskin2z@noaa.gov,Male,139.124.141.128
109,Rossy,Aherne,raherne30@yahoo.co.jp,Male,64.60.243.134
110,Paulina,Jerrim,pjerrim31@china.com.cn,Female,49.144.24.83
111,Cheryl,Salkeld,csalkeld32@imageshack.us,Female,226.129.28.79
112,Gwendolyn,Trowel,gtrowel33@illinois.edu,Female,200.203.103.213
113,Lari,Bowers,lbowers34@sogou.com,Female,43.6.108.65
114,Davidde,Held,dheld35@europa.eu,Male,208.9.205.145
115,Melodee,Coulston,mcoulston36@virginia.edu,Female,218.192.74.168
116,Collete,Egar,cegar37@patch.com,Female,165.211.188.240
117,Joelynn,Morando,jmorando38@arizona.edu,Female,103.215.220.178
118,Delaney,Chalcroft,dchalcroft39@odnoklassniki.ru,Male,170.116.22.79
119,Gabie,Maidstone,gmaidstone3a@photobucket.com,Female,40.117.109.6
120,Pet,Battill,pbattill3b@sogou.com,Female,40.65.32.209
121,Purcell,Sisselot,psisselot3c@npr.org,Male,17.26.70.144
122,Teodora,Edgeon,tedgeon3d@mozilla.org,Female,138.176.106.181
123,Niki,Mapston,nmapston3e@wired.com,Male,244.171.136.72
124,Novelia,Hymers,nhymers3f@jimdo.com,Female,58.171.253.217
125,Aile,Barnicott,abarnicott3g@apple.com,Female,144.248.110.37
126,Federica,Gatrell,fgatrell3h@nbcnews.com,Female,185.150.9.124
127,Isabella,Blankenship,iblankenship3i@histats.com,Female,142.227.164.38
128,Otes,Garshore,ogarshore3j@seattletimes.com,Male,91.238.39.173
129,Sanford,Wantling,swantling3k@123-reg.co.uk,Male,207.73.24.237
130,Del,Egell,degell3l@tamu.edu,Female,85.137.170.41
131,Hasheem,Housin,hhousin3m@gmpg.org,Male,8.146.72.28
132,Viv,Stockau,vstockau3n@google.ca,Female,174.127.246.202
133,Sara-ann,Cranefield,scranefield3o@topsy.com,Female,175.188.187.164
134,Charyl,O'Halloran,cohalloran3p@jimdo.com,Female,214.209.120.150
135,Jameson,Tirone,jtirone3q@ustream.tv,Male,117.69.102.138
136,Merv,Arderne,marderne3r@mashable.com,Male,35.79.249.24
137,Euphemia,Stivens,estivens3s@wikia.com,Female,194.123.15.6
138,Tito,Finnes,tfinnes3t@abc.net.au,Male,12.25.145.50
139,Abigale,Kemmish,akemmish3u@hostgator.com,Female,223.100.38.255
140,Florian,Ducrow,fducrow3v@amazon.co.uk,Male,1.223.129.123
141,Aube,McCambrois,amccambrois3w@goodreads.com,Male,224.241.86.186
142,Christina,Schnitter,cschnitter3x@npr.org,Female,28.89.204.163
143,Shelley,Sach,ssach3y@list-manage.com,Male,167.253.208.228
144,Darby,Grunnill,dgrunnill3z@nyu.edu,Male,168.26.199.66
145,Reta,Ladon,rladon40@last.fm,Female,222.4.131.106
146,Judon,Perrinchief,jperrinchief41@amazon.co.jp,Male,203.213.77.208
147,Jarvis,Strowthers,jstrowthers42@icio.us,Male,95.104.132.64
148,Ambrosius,Lauthian,alauthian43@ihg.com,Male,145.76.203.211
149,Cymbre,Jikylls,cjikylls44@reverbnation.com,Female,21.82.250.148
150,Sheppard,Pendrey,spendrey45@virginia.edu,Male,35.180.236.173
151,Price,Bartosinski,pbartosinski46@engadget.com,Male,126.195.83.143
152,Billye,Basili,bbasili47@geocities.jp,Female,95.89.59.217
153,Yance,Bacop,ybacop48@forbes.com,Male,233.174.175.1
154,Karine,Baldassi,kbaldassi49@cmu.edu,Female,90.15.229.240
155,Garvy,Raymond,graymond4a@ow.ly,Male,79.169.237.224
156,Clem,Conybear,cconybear4b@sciencedaily.com,Male,141.218.18.148
157,Jerad,Mileham,jmileham4c@yellowpages.com,Male,223.172.253.19
158,Rozanna,Degoy,rdegoy4d@spiegel.de,Female,95.88.39.228
159,Elijah,Britto,ebritto4e@weather.com,Male,184.39.70.34
160,Christiano,Pearmine,cpearmine4f@ted.com,Male,12.45.164.196
161,Powell,Casoni,pcasoni4g@cargocollective.com,Male,65.101.173.150
162,Putnam,Grellis,pgrellis4h@amazon.com,Male,189.133.100.185
163,Berta,Coggon,bcoggon4i@upenn.edu,Female,19.29.94.48
164,Beatrisa,Lebond,blebond4j@ibm.com,Female,51.2.160.114
165,Daphene,Antonsen,dantonsen4k@xrea.com,Female,112.82.10.186
166,Bobbe,Dunan,bdunan4l@icq.com,Female,53.91.178.72
167,Tabatha,Vasiliu,tvasiliu4m@tamu.edu,Female,65.13.240.114
168,Aeriel,Cheltnam,acheltnam4n@hexun.com,Female,58.30.29.38
169,Darcie,Miettinen,dmiettinen4o@earthlink.net,Female,66.51.142.26
170,Joane,Oliva,joliva4p@surveymonkey.com,Female,55.121.176.247
171,Tanny,Forsard,tforsard4q@tamu.edu,Male,162.13.75.51
172,Griselda,Bezley,gbezley4r@google.ca,Female,48.179.36.222
173,Kingsly,Gamage,kgamage4s@twitter.com,Male,187.215.115.72
174,Fairfax,Presdee,fpresdee4t@theglobeandmail.com,Male,124.65.166.135
175,Ricca,Aldous,raldous4u@hibu.com,Female,118.135.8.150
176,Richie,Sears,rsears4v@themeforest.net,Male,87.93.176.114
177,Dolores,Apted,dapted4w@etsy.com,Female,31.136.113.21
178,Felice,Fransson,ffransson4x@icq.com,Male,158.71.29.116
179,Brooks,Alyukin,balyukin4y@google.co.uk,Male,44.18.170.169
180,Ali,Munnings,amunnings4z@engadget.com,Male,175.218.52.40
181,Sheba,Cofax,scofax50@ucsd.edu,Female,36.129.95.84
182,Saunders,Carnegy,scarnegy51@discuz.net,Male,54.165.163.43
183,Lyndy,Underwood,lunderwood52@theatlantic.com,Female,214.43.191.134
184,See,Mantz,smantz53@usatoday.com,Male,226.102.29.222
185,Rebbecca,Fansy,rfansy54@va.gov,Female,76.214.158.241
186,Roseann,Camies,rcamies55@miibeian.gov.cn,Female,94.22.143.239
187,Penelopa,Girdlestone,pgirdlestone56@plala.or.jp,Female,228.209.4.92
188,Farah,Diloway,fdiloway57@mac.com,Female,206.33.101.136
189,Boy,Jagson,bjagson58@senate.gov,Male,201.220.6.134
190,Blinnie,Judron,bjudron59@barnesandnoble.com,Female,108.181.38.168
191,Laurence,Bartot,lbartot5a@skyrock.com,Male,117.63.64.82
192,Gianina,Hamberstone,ghamberstone5b@admin.ch,Female,93.194.166.186
193,Cordelie,MacDiarmid,cmacdiarmid5c@opera.com,Female,32.2.18.139
194,Cart,Donner,cdonner5d@sphinn.com,Male,72.94.226.15
195,Noach,Fortun,nfortun5e@skyrock.com,Male,209.113.126.72
196,Lynelle,Thoma,lthoma5f@scientificamerican.com,Female,80.33.127.201
197,Alessandra,Espine,aespine5g@gizmodo.com,Female,80.159.106.67
198,Piper,Ick,pick5h@yandex.ru,Female,254.235.43.84
199,Mathilde,Knoble,mknoble5i@examiner.com,Female,148.6.75.209
200,Elvira,Yitzowitz,eyitzowitz5j@360.cn,Female,1.27.92.56
201,Noelani,Neeve,nneeve5k@marriott.com,Female,43.43.121.41
202,Dani,Pethick,dpethick5l@altervista.org,Male,145.250.107.236
203,Aldon,Peattie,apeattie5m@senate.gov,Male,144.78.74.34
204,Kirsteni,Gallen,kgallen5n@theglobeandmail.com,Female,84.107.44.54
205,Dur,Exter,dexter5o@theglobeandmail.com,Male,75.54.233.105
206,Priscella,Corwood,pcorwood5p@networksolutions.com,Female,135.113.110.233
207,Boris,Jellis,bjellis5q@arstechnica.com,Male,116.69.154.185
208,Myrle,Cathery,mcathery5r@chron.com,Female,105.134.5.189
209,Vally,Durbridge,vdurbridge5s@indiatimes.com,Female,168.139.73.32
210,Rollin,Erickssen,rerickssen5t@tinypic.com,Male,104.57.17.57
211,Baillie,Bollen,bbollen5u@harvard.edu,Male,53.93.243.134
212,Urson,Elstub,uelstub5v@privacy.gov.au,Male,219.69.76.165
213,Cesare,Treleaven,ctreleaven5w@wikimedia.org,Male,228.75.42.129
214,Stormi,Reymers,sreymers5x@npr.org,Female,232.127.120.210
215,Abigail,Markie,amarkie5y@jugem.jp,Female,135.98.253.115
216,Ranna,Wrettum,rwrettum5z@sogou.com,Female,4.0.75.223
217,Godiva,Cromwell,gcromwell60@youku.com,Female,212.65.62.113
218,Nessie,Cristofanini,ncristofanini61@wired.com,Female,2.206.255.208
219,Kris,Shoulder,kshoulder62@cloudflare.com,Female,140.95.6.19
220,Levy,Bareham,lbareham63@livejournal.com,Male,184.168.220.162
221,Joana,Wisedale,jwisedale64@sciencedaily.com,Female,147.0.208.46
222,Aguie,Parslow,aparslow65@t-online.de,Male,244.151.113.32
223,Benjamin,Gladding,bgladding66@1und1.de,Male,95.171.95.237
224,Antin,Le Frank,alefrank67@pinterest.com,Male,202.45.54.59
225,Mendel,Beamson,mbeamson68@clickbank.net,Male,205.71.198.247
226,Jordan,Cashman,jcashman69@godaddy.com,Female,115.205.194.187
227,Moyna,Glyne,mglyne6a@google.pl,Female,89.119.244.65
228,Prent,Girvan,pgirvan6b@discuz.net,Male,133.12.178.128
229,Doyle,Stabbins,dstabbins6c@rediff.com,Male,171.164.81.249
230,Jozef,Bussell,jbussell6d@surveymonkey.com,Male,41.11.246.210
231,Jethro,Vasilechko,jvasilechko6e@shop-pro.jp,Male,126.245.156.115
232,Alida,Shury,ashury6f@blogtalkradio.com,Female,109.240.201.0
233,Georgie,Parvin,gparvin6g@google.co.jp,Male,108.49.176.161
234,Eddie,Ceresa,eceresa6h@gmpg.org,Male,17.36.79.160
235,Gallagher,Winfindine,gwinfindine6i@opera.com,Male,50.28.218.175
236,Electra,Grundey,egrundey6j@goo.ne.jp,Female,169.60.251.168
237,Grete,Tortice,gtortice6k@seesaa.net,Female,254.138.19.250
238,Berny,Vanshin,bvanshin6l@answers.com,Male,7.26.229.44
239,Markos,Crossingham,mcrossingham6m@xrea.com,Male,185.246.193.42
240,Ede,Fancett,efancett6n@wikia.com,Female,14.126.22.219
241,Ula,Todman,utodman6o@ihg.com,Female,44.148.140.205
242,Curt,Boich,cboich6p@cisco.com,Male,166.210.233.37
243,Reuven,Potticary,rpotticary6q@dropbox.com,Male,204.69.144.221
244,Pansie,Lawlan,plawlan6r@1und1.de,Female,189.87.109.80
245,Salmon,McGlue,smcglue6s@youtu.be,Male,25.68.184.55
246,Gunar,Trimmill,gtrimmill6t@edublogs.org,Male,204.238.97.91
247,Hedda,Divall,hdivall6u@wiley.com,Female,57.30.74.121
248,Arty,Grint,agrint6v@icio.us,Male,70.81.150.127
249,Millard,Goodram,mgoodram6w@mysql.com,Male,155.193.200.107
250,Wyatt,Eaddy,weaddy6x@google.it,Male,36.82.62.217
251,Milty,Vickors,mvickors6y@jimdo.com,Male,79.168.41.157
252,Nolana,Killich,nkillich6z@tumblr.com,Female,63.184.48.162
253,Salli,Vasyagin,svasyagin70@techcrunch.com,Female,129.222.92.253
254,Bradan,Dewdney,bdewdney71@geocities.com,Male,13.248.191.90
255,Kristyn,Aiskovitch,kaiskovitch72@wp.com,Female,242.29.126.130
256,Shay,Bazeley,sbazeley73@desdev.cn,Female,128.13.205.8
257,Valida,Bastian,vbastian74@merriam-webster.com,Female,90.82.214.181
258,Rhett,Karlsson,rkarlsson75@seesaa.net,Male,173.219.170.229
259,Clayton,Bolderstone,cbolderstone76@shareasale.com,Male,234.255.175.14
260,Jeramie,Feeney,jfeeney77@imageshack.us,Male,45.56.104.134
261,Ana,Rodriguez,arodriguez78@ucsd.edu,Female,91.45.132.107
262,Aretha,Croser,acroser79@networksolutions.com,Female,6.213.166.141
263,Josepha,Shreeves,jshreeves7a@elpais.com,Female,37.150.101.184
264,Chrystal,Marchbank,cmarchbank7b@ucsd.edu,Female,182.43.108.50
265,Orv,Barrabeale,obarrabeale7c@trellian.com,Male,79.28.61.187
266,Carol,Harbidge,charbidge7d@printfriendly.com,Female,77.58.147.187
267,Shirline,Sobtka,ssobtka7e@paypal.com,Female,98.248.138.253
268,Odo,Strasse,ostrasse7f@foxnews.com,Male,37.44.15.13
269,Ly,Hallstone,lhallstone7g@squarespace.com,Male,180.253.47.164
270,Aileen,Ackhurst,aackhurst7h@clickbank.net,Female,217.108.232.163
271,Charlena,Sandlin,csandlin7i@timesonline.co.uk,Female,11.189.1.25
272,Thurstan,Penhaleurack,tpenhaleurack7j@typepad.com,Male,35.64.77.145
273,Neala,Baugham,nbaugham7k@facebook.com,Female,165.83.168.136
274,Frances,Reckhouse,freckhouse7l@infoseek.co.jp,Female,153.194.172.97
275,Beau,Gwalter,bgwalter7m@admin.ch,Male,155.168.199.143
276,Silvester,Simpson,ssimpson7n@netscape.com,Male,66.254.149.197
277,Chaunce,Fronczak,cfronczak7o@macromedia.com,Male,12.41.155.70
278,Franklin,Lamartine,flamartine7p@forbes.com,Male,204.163.194.226
279,Sydelle,Powys,spowys7q@ning.com,Female,4.97.255.62
280,Adelbert,Aldrick,aaldrick7r@sakura.ne.jp,Male,60.242.151.43
281,Solly,Withers,swithers7s@walmart.com,Male,137.80.225.117
282,Jenda,Brangan,jbrangan7t@cpanel.net,Female,252.161.148.225
283,Myrtie,Sket,msket7u@ucoz.com,Female,139.85.240.189
284,Eberto,Blagbrough,eblagbrough7v@bandcamp.com,Male,24.216.162.105
285,Peterus,Ygo,pygo7w@yahoo.co.jp,Male,28.232.95.168
286,Manfred,Solway,msolway7x@biglobe.ne.jp,Male,191.53.11.113
287,Neda,Zaniolo,nzaniolo7y@latimes.com,Female,68.88.44.69
288,Jonis,Campey,jcampey7z@bloomberg.com,Female,137.175.57.34
289,Aldous,Driver,adriver80@gmpg.org,Male,251.115.20.167
290,Isidro,Boshere,iboshere81@yahoo.co.jp,Male,216.22.174.74
291,Dewie,Mawtus,dmawtus82@squarespace.com,Male,158.58.3.182
292,Glynn,Bercher,gbercher83@pcworld.com,Male,149.218.14.212
293,Enrica,Colliver,ecolliver84@shutterfly.com,Female,69.147.84.214
294,Janel,Surcomb,jsurcomb85@bloglovin.com,Female,224.104.172.57
295,Netta,Duerden,nduerden86@ed.gov,Female,22.146.180.111
296,Etta,Abbiss,eabbiss87@sina.com.cn,Female,4.112.149.156
297,Ysabel,Billitteri,ybillitteri88@nifty.com,Female,252.184.184.27
298,Jerome,Micheu,jmicheu89@github.io,Male,97.186.159.211
299,Karmen,Chasemore,kchasemore8a@admin.ch,Female,159.157.181.74
300,Myra,Ruddiforth,mruddiforth8b@cdbaby.com,Female,58.100.246.164
301,Marguerite,Lampert,mlampert8c@tamu.edu,Female,92.150.248.203
302,Cherise,Fritschel,cfritschel8d@ucoz.ru,Female,126.38.1.249
303,Abigail,Heigho,aheigho8e@dailymotion.com,Female,91.136.54.155
304,Kameko,Roskrug,kroskrug8f@nymag.com,Female,105.252.108.211
305,Minnie,Eisikovitsh,meisikovitsh8g@cocolog-nifty.com,Female,30.95.222.25
306,Tadeas,Aleksankin,taleksankin8h@forbes.com,Male,31.182.57.236
307,Sharity,Lage,slage8i@msu.edu,Female,187.76.228.91
308,Kennett,Landrean,klandrean8j@umich.edu,Male,110.103.92.202
309,Joleen,McKibben,jmckibben8k@ted.com,Female,152.191.143.238
310,Justinian,Medway,jmedway8l@google.pl,Male,58.87.92.252
311,Antonino,Elsay,aelsay8m@cnbc.com,Male,154.189.149.73
312,Ermanno,Crannis,ecrannis8n@youtu.be,Male,4.234.185.128
313,Erny,Nibley,enibley8o@hexun.com,Male,6.154.195.126
314,Geraldine,Ruby,gruby8p@newsvine.com,Female,206.88.193.252
315,Idette,Follet,ifollet8q@webeden.co.uk,Female,133.161.113.98
316,Collie,Orrill,corrill8r@nps.gov,Female,46.9.79.108
317,Kaila,Easthope,keasthope8s@mit.edu,Female,205.138.17.197
318,Harman,Rushmer,hrushmer8t@irs.gov,Male,251.178.197.37
319,Theresita,Minette,tminette8u@moonfruit.com,Female,122.5.120.192
320,Laurella,Stevenson,lstevenson8v@yellowbook.com,Female,152.207.193.103
321,Engelbert,Grahamslaw,egrahamslaw8w@vistaprint.com,Male,113.94.116.145
322,Christy,Hillum,chillum8x@spotify.com,Female,173.171.205.243
323,Roxy,Tiffin,rtiffin8y@wordpress.org,Female,61.170.235.107
324,Aleda,Sanzio,asanzio8z@over-blog.com,Female,110.234.43.106
325,Shae,Hurkett,shurkett90@over-blog.com,Female,122.92.2.220
326,Else,Lassells,elassells91@illinois.edu,Female,147.116.18.30
327,Collen,Horning,chorning92@lycos.com,Female,93.191.92.71
328,Filberte,Danielot,fdanielot93@phpbb.com,Male,185.222.3.97
329,Raddy,Frany,rfrany94@skype.com,Male,125.147.227.188
330,Andre,Worral,aworral95@posterous.com,Male,117.103.2.123
331,Vanya,Le Pruvost,vlepruvost96@vimeo.com,Female,47.54.139.156
332,Lorrin,Aubin,laubin97@ca.gov,Female,57.76.4.76
333,Marty,Ecclesall,mecclesall98@nasa.gov,Female,86.154.36.13
334,Claudine,Bingell,cbingell99@oracle.com,Female,164.46.83.141
335,Claudine,Cohane,ccohane9a@about.me,Female,178.117.49.215
336,Nicolette,Abell,nabell9b@indiatimes.com,Female,35.78.169.87
337,Adina,Tunnick,atunnick9c@adobe.com,Female,112.19.39.232
338,Aubrie,Farnfield,afarnfield9d@privacy.gov.au,Female,141.224.67.183
339,Rosaleen,Escot,rescot9e@blogger.com,Female,203.88.90.117
340,Andy,Simunek,asimunek9f@lulu.com,Female,215.54.73.107
341,Kelley,Beaty,kbeaty9g@live.com,Female,83.199.28.81
342,Dara,Garry,dgarry9h@nyu.edu,Female,66.55.5.116
343,Linell,Mitcham,lmitcham9i@phoca.cz,Female,197.152.65.73
344,Derick,Valentine,dvalentine9j@histats.com,Male,21.175.165.61
345,Clarabelle,Hoyles,choyles9k@ox.ac.uk,Female,48.184.199.104
346,Jacquenetta,Drabble,jdrabble9l@prlog.org,Female,202.128.97.90
347,Camey,Freemantle,cfreemantle9m@themeforest.net,Male,151.165.156.119
348,Jasun,Bowdidge,jbowdidge9n@chron.com,Male,224.254.172.97
349,Jaquenetta,Marquis,jmarquis9o@businessweek.com,Female,38.1.166.192
350,Linea,Tweede,ltweede9p@mit.edu,Female,140.235.110.192
351,Josee,Schlagman,jschlagman9q@oracle.com,Female,221.87.121.16
352,Maressa,Easthope,measthope9r@istockphoto.com,Female,220.175.51.215
353,Beverlie,Vequaud,bvequaud9s@businessinsider.com,Female,37.141.210.47
354,Brant,Whaley,bwhaley9t@ihg.com,Male,184.145.106.171
355,Barnie,Asprey,basprey9u@qq.com,Male,116.210.72.171
356,Karine,Jansa,kjansa9v@fda.gov,Female,199.164.85.254
357,Emlynn,Egdal,eegdal9w@unesco.org,Female,158.149.163.183
358,Natalie,Fanthome,nfanthome9x@icq.com,Female,101.71.20.106
359,Boot,Fenners,bfenners9y@cyberchimps.com,Male,24.185.72.230
360,Annadiana,Joret,ajoret9z@nih.gov,Female,109.110.104.206
361,Filia,Strippling,fstripplinga0@techcrunch.com,Female,252.138.87.69
362,Caro,Korneichik,ckorneichika1@cloudflare.com,Female,82.48.168.196
363,Jenine,Hardin,jhardina2@linkedin.com,Female,84.125.191.57
364,Felecia,Pinchback,fpinchbacka3@hp.com,Female,194.137.225.143
365,Stefania,Martellini,smartellinia4@telegraph.co.uk,Female,125.110.54.111
366,Manya,Petrasso,mpetrassoa5@usatoday.com,Female,119.248.170.105
367,Nils,Duthy,nduthya6@is.gd,Male,4.90.22.112
368,Skippy,Rebanks,srebanksa7@theglobeandmail.com,Male,237.252.21.249
369,Malia,Clewarth,mclewartha8@psu.edu,Female,34.88.220.57
370,West,Taysbil,wtaysbila9@canalblog.com,Male,161.168.158.163
371,Channa,Weatherell,cweatherellaa@youtube.com,Female,75.137.136.8
372,Denice,Eat,deatab@patch.com,Female,88.111.139.35
373,Emmet,Pinnocke,epinnockeac@spiegel.de,Male,218.9.110.156
374,Hugo,O'Doireidh,hodoireidhad@jigsy.com,Male,135.98.25.184
375,Wilmar,Heaphy,wheaphyae@netscape.com,Male,80.88.40.191
376,Chad,Brason,cbrasonaf@npr.org,Female,181.17.190.243
377,Jedidiah,McKerrow,jmckerrowag@stumbleupon.com,Male,4.37.33.45
378,Brig,Itzkov,bitzkovah@vkontakte.ru,Male,153.31.100.74
379,Urbanus,O'Hannen,uohannenai@ovh.net,Male,7.194.24.75
380,Karie,Yitzhakov,kyitzhakovaj@nasa.gov,Female,107.221.34.144
381,Anne-marie,Croneen,acroneenak@sciencedaily.com,Female,216.17.204.151
382,Warner,Iles,wilesal@youtube.com,Male,64.120.4.69
383,Rock,Bowell,rbowellam@sfgate.com,Male,57.159.206.33
384,Donn,Braundt,dbraundtan@mapquest.com,Male,116.3.216.107
385,Leeann,Millthorpe,lmillthorpeao@weebly.com,Female,115.212.36.126
386,Gunther,Boydle,gboydleap@umich.edu,Male,35.156.53.196
387,Emile,Thunderchief,ethunderchiefaq@alibaba.com,Male,38.14.92.75
388,Kristen,Cater,kcaterar@hhs.gov,Female,238.89.9.182
389,Tyrone,Portinari,tportinarias@blogtalkradio.com,Male,130.168.113.198
390,Franz,Cotes,fcotesat@github.io,Male,159.220.176.8
391,Cathyleen,Mungin,cmunginau@instagram.com,Female,145.222.28.228
392,Tonye,Jarrette,tjarretteav@shop-pro.jp,Female,207.69.224.36
393,Humphrey,Sey,hseyaw@is.gd,Male,116.100.47.202
394,Marcelia,Alenichicov,malenichicovax@goo.gl,Female,215.163.182.53
395,Joanie,Shreeve,jshreeveay@simplemachines.org,Female,18.200.203.229
396,Wittie,Greenslade,wgreensladeaz@goo.gl,Male,97.60.227.48
397,Kristyn,Lascell,klascellb0@wunderground.com,Female,155.95.216.221
398,Suzann,Hurford,shurfordb1@discovery.com,Female,123.43.10.230
399,Jeannine,Crenshaw,jcrenshawb2@amazon.com,Female,118.131.203.119
400,Rafael,Louiset,rlouisetb3@imgur.com,Male,166.0.167.7
401,Martynne,Zanni,mzannib4@issuu.com,Female,78.157.134.53
402,Elka,Luxon,eluxonb5@prweb.com,Female,28.176.13.244
403,Wallis,Leonard,wleonardb6@unc.edu,Female,227.248.240.209
404,Marvin,Thaller,mthallerb7@mozilla.com,Male,252.137.235.130
405,Myra,Rillatt,mrillattb8@pagesperso-orange.fr,Female,36.109.84.215
406,Olga,Gull,ogullb9@360.cn,Female,44.247.207.56
407,Zachery,Farryann,zfarryannba@home.pl,Male,185.40.50.231
408,Amanda,Preece,apreecebb@qq.com,Female,26.3.84.80
409,Marybelle,Iwanczyk,miwanczykbc@typepad.com,Female,179.127.219.177
410,Cicely,Shankster,cshanksterbd@hud.gov,Female,150.98.111.232
411,Emory,Southcomb,esouthcombbe@va.gov,Male,9.55.179.249
412,Janice,Reder,jrederbf@spiegel.de,Female,185.199.205.113
413,Alfonse,Polsin,apolsinbg@imdb.com,Male,225.70.231.25
414,Valentine,O'Connor,voconnorbh@github.com,Male,44.110.140.179
415,Stevana,Giriardelli,sgiriardellibi@hostgator.com,Female,232.148.56.57
416,Mareah,Yakebovich,myakebovichbj@netscape.com,Female,15.173.2.241
417,Adah,Meir,ameirbk@chronoengine.com,Female,132.163.69.209
418,Violante,Ondrich,vondrichbl@meetup.com,Female,159.116.28.37
419,Rutledge,Oldcroft,roldcroftbm@disqus.com,Male,31.7.203.194
420,Alistair,Niblock,aniblockbn@goodreads.com,Male,133.163.49.204
421,Paulita,Kent,pkentbo@unesco.org,Female,213.6.239.152
422,Darryl,Jepson,djepsonbp@amazonaws.com,Female,52.76.188.220
423,Eden,Kirkland,ekirklandbq@apple.com,Female,232.224.206.41
424,Allard,Brown,abrownbr@skyrock.com,Male,252.169.43.187
425,Ode,Demetr,odemetrbs@oracle.com,Male,217.208.141.125
426,Ronny,Pamplin,rpamplinbt@ebay.co.uk,Male,180.52.118.108
427,Cosmo,Duckett,cduckettbu@homestead.com,Male,54.148.16.80
428,Dinah,Lupton,dluptonbv@prlog.org,Female,99.155.99.4
429,Ania,Le Merchant,alemerchantbw@pbs.org,Female,28.139.9.103
430,Vivian,Pudge,vpudgebx@taobao.com,Female,231.65.224.15
431,Junie,Goward,jgowardby@ibm.com,Female,35.135.21.5
432,Maddalena,Roakes,mroakesbz@issuu.com,Female,56.195.147.31
433,Grantley,Thick,gthickc0@google.es,Male,148.4.1.248
434,Oliy,Spendlove,ospendlovec1@ning.com,Female,183.39.232.223
435,Celka,Hoyle,choylec2@zdnet.com,Female,38.181.116.109
436,Anya,Skipsea,askipseac3@apple.com,Female,210.174.157.124
437,Lesly,Berkelay,lberkelayc4@gizmodo.com,Female,186.16.135.167
438,Nicolea,Cahan,ncahanc5@amazon.de,Female,64.63.230.82
439,Lazaro,Barkess,lbarkessc6@themeforest.net,Male,176.219.84.114
440,Fidelity,Kasperski,fkasperskic7@wikispaces.com,Female,244.112.181.82
441,Agneta,Crawshaw,acrawshawc8@stumbleupon.com,Female,36.243.213.75
442,Jarvis,Steljes,jsteljesc9@mapquest.com,Male,1.36.102.10
443,Keefer,Longden,klongdenca@kickstarter.com,Male,94.221.69.8
444,Chrystel,Largent,clargentcb@psu.edu,Female,152.9.81.60
445,Cord,Dadds,cdaddscc@archive.org,Male,183.22.101.161
446,Godart,Barnwill,gbarnwillcd@com.com,Male,81.72.250.174
447,Alika,Zorzi,azorzice@blogtalkradio.com,Female,217.98.86.20
448,Felipa,Clover,fclovercf@who.int,Female,150.54.44.134
449,Maisie,Spoole,mspoolecg@aol.com,Female,191.126.53.115
450,Addy,Lilford,alilfordch@bbb.org,Male,145.182.65.91
451,Prentice,Pimlock,ppimlockci@yahoo.com,Male,213.199.208.109
452,Tomaso,Wickerson,twickersoncj@economist.com,Male,132.181.19.228
453,Olivero,O'Loughlin,ooloughlinck@webeden.co.uk,Male,228.10.13.217
454,Batholomew,McGunley,bmcgunleycl@apache.org,Male,67.170.198.135
455,Barret,Roubert,broubertcm@xinhuanet.com,Male,213.82.244.51
456,Lauri,Rosewell,lrosewellcn@samsung.com,Female,142.75.231.35
457,Amara,Ottam,aottamco@1688.com,Female,135.94.52.1
458,Bram,Hensmans,bhensmanscp@nifty.com,Male,7.28.22.120
459,Moss,Keunemann,mkeunemanncq@senate.gov,Male,251.154.4.121
460,Bil,Duckers,bduckerscr@1und1.de,Male,173.14.55.31
461,Julius,Creedland,jcreedlandcs@ibm.com,Male,192.185.39.233
462,Raeann,Concannon,rconcannonct@twitpic.com,Female,34.212.0.16
463,Gale,Aronovich,garonovichcu@virginia.edu,Male,115.45.32.236
464,Vidovik,Gudgin,vgudgincv@skyrock.com,Male,27.249.142.191
465,Avrit,Guilliland,aguillilandcw@liveinternet.ru,Female,30.47.162.74
466,Bidget,Edelheid,bedelheidcx@jiathis.com,Female,91.172.45.10
467,Burg,Aslet,basletcy@dell.com,Male,254.21.50.55
468,Emlyn,Rames,eramescz@ft.com,Female,108.130.175.248
469,Will,Capitano,wcapitanod0@ocn.ne.jp,Male,140.146.8.20
470,Kasey,Kulver,kkulverd1@domainmarket.com,Female,201.185.222.150
471,Cody,Rollason,crollasond2@mashable.com,Female,98.201.45.81
472,Sarina,Petri,spetrid3@acquirethisname.com,Female,215.115.129.242
473,Verge,Ostridge,vostridged4@lulu.com,Male,88.254.100.70
474,Ruby,Coomer,rcoomerd5@go.com,Male,170.225.81.71
475,Carlynne,McDell,cmcdelld6@godaddy.com,Female,132.51.0.195
476,Tedd,Ealden,tealdend7@patch.com,Male,149.129.59.74
477,Inge,Knifton,ikniftond8@bbb.org,Female,249.187.20.242
478,Elvis,Baldocci,ebaldoccid9@topsy.com,Male,95.82.13.116
479,Hobart,Rastrick,hrastrickda@cam.ac.uk,Male,16.57.210.32
480,Amil,Dunrige,adunrigedb@stanford.edu,Female,166.224.69.52
481,Gill,Shutle,gshutledc@reddit.com,Male,0.30.126.49
482,Ingeborg,Costell,icostelldd@behance.net,Female,109.113.248.126
483,Mathilda,Lampett,mlampettde@merriam-webster.com,Female,159.101.14.91
484,Barbabra,Warrick,bwarrickdf@cam.ac.uk,Female,2.150.133.105
485,Hamil,Pettko,hpettkodg@springer.com,Male,199.40.180.49
486,Fabe,Digle,fdigledh@wordpress.com,Male,246.246.45.111
487,Dora,De Marchi,ddemarchidi@reddit.com,Female,175.254.39.244
488,Nicholle,Carnier,ncarnierdj@apple.com,Female,8.223.8.122
489,Burty,Kincla,bkincladk@google.pl,Male,3.111.181.232
490,Karilynn,Jowsey,kjowseydl@princeton.edu,Female,34.186.83.111
491,Grissel,Loverock,gloverockdm@so-net.ne.jp,Female,108.184.185.67
492,Odie,Comport,ocomportdn@oaic.gov.au,Male,218.222.34.55
493,Annie,Scrivinor,ascrivinordo@wsj.com,Female,189.103.41.37
494,Kean,Kuhwald,kkuhwalddp@tripadvisor.com,Male,221.128.27.125
495,Cleveland,Akaster,cakasterdq@icio.us,Male,250.29.139.221
496,Ofelia,Bovaird,obovairddr@pinterest.com,Female,118.141.166.63
497,Reilly,Iacomelli,riacomellids@amazon.co.jp,Male,188.117.125.130
498,Selig,Klejin,sklejindt@bloglovin.com,Male,235.161.152.37
499,Annissa,Gribbins,agribbinsdu@cdc.gov,Female,172.41.85.204
500,Bo,Kline,bklinedv@reddit.com,Male,110.129.133.81
501,Delly,Yaknov,dyaknovdw@prlog.org,Female,202.13.27.74
502,Ashlan,Roiz,aroizdx@npr.org,Female,173.59.159.244
503,Nonie,Lidgett,nlidgettdy@homestead.com,Female,93.187.23.244
504,Fleurette,Alvarado,falvaradodz@economist.com,Female,170.181.201.49
505,Manuel,Savage,msavagee0@mozilla.org,Male,83.104.112.151
506,Pamella,Cisar,pcisare1@nsw.gov.au,Female,194.118.135.112
507,Carol,Pawle,cpawlee2@weebly.com,Female,127.248.13.117
508,Buddie,Hazeldene,bhazeldenee3@dropbox.com,Male,236.14.87.59
509,Wallis,De la croix,wdelacroixe4@globo.com,Male,202.42.110.49
510,Gallard,Stallybrass,gstallybrasse5@1und1.de,Male,185.111.72.203
511,Alisun,Feldfisher,afeldfishere6@mysql.com,Female,149.226.50.140
512,Andres,Papaccio,apapaccioe7@histats.com,Male,128.161.64.109
513,Bartholemy,Prewer,bprewere8@thetimes.co.uk,Male,199.141.13.61
514,Loria,Blockley,lblockleye9@si.edu,Female,72.124.225.40
515,Thorvald,Ranahan,tranahanea@google.co.uk,Male,41.47.4.132
516,Trumann,Phelips,tphelipseb@themeforest.net,Male,246.12.111.5
517,Shena,Howlett,showlettec@hibu.com,Female,55.126.184.160
518,Adler,Boulger,aboulgered@nbcnews.com,Male,131.191.49.198
519,Garv,Elsbury,gelsburyee@dagondesign.com,Male,41.49.6.95
520,Terrel,Coo,tcooef@ed.gov,Male,61.130.202.104
521,Paton,Drewson,pdrewsoneg@sciencedirect.com,Male,107.47.130.23
522,Wendall,Grinnell,wgrinnelleh@netlog.com,Male,75.132.196.38
523,Forest,Richen,frichenei@acquirethisname.com,Male,26.244.79.172
524,Trefor,Amyes,tamyesej@alibaba.com,Male,179.29.247.110
525,Kevin,Behnecke,kbehneckeek@hhs.gov,Male,63.99.215.86
526,Steffen,Glasspoole,sglasspooleel@theatlantic.com,Male,64.22.35.168
527,De witt,Gwatkins,dgwatkinsem@dion.ne.jp,Male,225.39.57.207
528,Wesley,Van der Linde,wvanderlindeen@yelp.com,Male,216.38.188.239
529,Emmott,Ansell,eanselleo@wsj.com,Male,83.43.39.206
530,Ramon,Loveard,rloveardep@posterous.com,Male,129.155.208.215
531,Hamlin,Mc Pake,hmcpakeeq@gmpg.org,Male,85.147.125.194
532,Teriann,Murrells,tmurrellser@twitter.com,Female,224.179.187.208
533,Eben,Venus,evenuses@dell.com,Male,24.18.34.45
534,Anatola,Malloch,amallochet@google.com.au,Female,52.1.210.197
535,Milicent,Woodgate,mwoodgateeu@state.tx.us,Female,76.54.7.12
536,Tawsha,Coytes,tcoytesev@google.es,Female,185.166.8.112
537,Hannie,Casetta,hcasettaew@pen.io,Female,186.119.155.147
538,Immanuel,Guiducci,iguiducciex@printfriendly.com,Male,90.252.218.161
539,Wynn,Rathke,wrathkeey@youtu.be,Female,67.165.83.96
540,Valera,Babar,vbabarez@sourceforge.net,Female,176.117.161.72
541,Jean,Follows,jfollowsf0@marketwatch.com,Male,117.97.25.88
542,Obediah,Boribal,oboribalf1@mysql.com,Male,30.23.220.6
543,Jermaine,Seal,jsealf2@craigslist.org,Male,117.51.141.26
544,Jena,Brain,jbrainf3@taobao.com,Female,55.123.94.170
545,Perry,Colomb,pcolombf4@pinterest.com,Female,186.1.241.184
546,Nadeen,Spurnier,nspurnierf5@weibo.com,Female,4.242.43.36
547,Lucy,Helsdon,lhelsdonf6@cnn.com,Female,243.239.255.99
548,Waldemar,Leyshon,wleyshonf7@xrea.com,Male,115.147.108.8
549,Ava,Bauchop,abauchopf8@ibm.com,Female,34.199.12.51
550,Bernardina,Merryweather,bmerryweatherf9@nydailynews.com,Female,94.180.114.96
551,Ansley,Tremellier,atremellierfa@ucsd.edu,Female,54.11.156.107
552,Erminie,Casper,ecasperfb@skyrock.com,Female,192.210.200.53
553,Culver,Tembey,ctembeyfc@51.la,Male,91.92.118.70
554,Janenna,De Winton,jdewintonfd@fda.gov,Female,168.192.192.70
555,Travus,Howles,thowlesfe@europa.eu,Male,141.240.161.157
556,Ambros,Rilings,arilingsff@elpais.com,Male,28.126.255.207
557,Rickie,Davson,rdavsonfg@rediff.com,Female,2.63.41.113
558,Warden,Huguenet,whuguenetfh@taobao.com,Male,43.74.155.225
559,Meriel,Greet,mgreetfi@cbc.ca,Female,172.21.180.35
560,Venus,Cool,vcoolfj@indiatimes.com,Female,85.16.129.203
561,Marci,Duker,mdukerfk@cpanel.net,Female,188.172.161.116
562,Sullivan,Rylatt,srylattfl@oracle.com,Male,63.249.16.229
563,Amalle,Meus,ameusfm@tumblr.com,Female,39.93.160.126
564,Sarette,Richen,srichenfn@abc.net.au,Female,173.78.43.1
565,Birch,Helm,bhelmfo@mozilla.com,Male,142.177.9.31
566,Verene,MacNamara,vmacnamarafp@cam.ac.uk,Female,171.167.34.121
567,Shandie,Kellog,skellogfq@cnbc.com,Female,97.156.40.1
568,Felice,Habert,fhabertfr@pinterest.com,Female,104.36.211.29
569,Baron,Ortes,bortesfs@tinypic.com,Male,75.243.195.196
570,Mile,Tompkinson,mtompkinsonft@pagesperso-orange.fr,Male,50.40.167.205
571,Joelynn,Ungerecht,jungerechtfu@nasa.gov,Female,149.16.160.212
572,Kiele,Brimley,kbrimleyfv@paypal.com,Female,228.74.214.109
573,Claudell,Tatersale,ctatersalefw@newyorker.com,Male,147.211.17.77
574,Philly,Somerled,psomerledfx@live.com,Female,87.46.181.182
575,Lillian,Banane,lbananefy@constantcontact.com,Female,211.21.231.91
576,Horton,McMahon,hmcmahonfz@examiner.com,Male,183.114.95.76
577,Abra,Stannas,astannasg0@stumbleupon.com,Female,155.201.58.142
578,Chancey,Fulle,cfulleg1@noaa.gov,Male,111.64.133.185
579,Michaelina,Feldmesser,mfeldmesserg2@uiuc.edu,Female,170.205.16.22
580,Burlie,Androck,bandrockg3@blogtalkradio.com,Male,34.83.221.92
581,Cammie,Bricknall,cbricknallg4@tmall.com,Female,188.243.85.155
582,Westleigh,Kibbye,wkibbyeg5@businesswire.com,Male,114.85.185.90
583,Rivalee,McGinly,rmcginlyg6@umich.edu,Female,179.132.224.26
584,Torrin,Howerd,thowerdg7@reddit.com,Male,90.96.90.122
585,Kaylyn,Fayne,kfayneg8@opera.com,Female,230.33.142.73
586,Esmaria,Wheowall,ewheowallg9@360.cn,Female,191.114.253.96
587,Belita,Garnsey,bgarnseyga@boston.com,Female,204.66.107.248
588,Margery,Heddan,mheddangb@ask.com,Female,231.22.189.168
589,Berkley,Benneyworth,bbenneyworthgc@acquirethisname.com,Male,203.197.163.232
590,Camella,Mudie,cmudiegd@mozilla.com,Female,27.222.77.238
591,Elisa,Cummungs,ecummungsge@tmall.com,Female,101.37.66.184
592,Nicolis,Lyvon,nlyvongf@patch.com,Male,59.187.233.96
593,Mariette,Jimenez,mjimenezgg@nature.com,Female,31.162.85.227
594,Robinia,Kynder,rkyndergh@networkadvertising.org,Female,79.78.209.241
595,Leupold,Giuron,lgiurongi@amazon.co.jp,Male,145.32.184.148
596,Storm,Feast,sfeastgj@prlog.org,Female,198.123.210.13
597,Trenna,Ertel,tertelgk@prlog.org,Female,85.120.83.183
598,Enos,Gildea,egildeagl@slate.com,Male,150.139.127.108
599,Oby,Berrigan,oberrigangm@smh.com.au,Male,26.47.37.64
600,Brewer,Benstead,bbensteadgn@smh.com.au,Male,14.178.141.91
601,Mindy,Allenson,mallensongo@t.co,Female,48.33.45.166
602,Leone,Sewill,lsewillgp@twitpic.com,Female,202.25.28.58
603,Husain,Toll,htollgq@instagram.com,Male,249.188.117.141
604,Eliot,Greneham,egrenehamgr@wisc.edu,Male,189.242.240.206
605,Clarine,Geillier,cgeilliergs@wired.com,Female,156.152.156.157
606,Gardner,Sidwell,gsidwellgt@sina.com.cn,Male,124.50.70.63
607,Quincy,Mateu,qmateugu@mediafire.com,Male,27.209.49.237
608,Wright,Sellick,wsellickgv@home.pl,Male,104.199.198.133
609,Waylin,Riditch,wriditchgw@nbcnews.com,Male,158.150.165.163
610,Findley,Smitheman,fsmithemangx@google.com.br,Male,91.74.130.122
611,Brit,Andersch,banderschgy@ifeng.com,Female,12.87.62.41
612,Tabitha,Wandrich,twandrichgz@miibeian.gov.cn,Female,64.24.159.121
613,Sadye,Jayes,sjayesh0@examiner.com,Female,79.91.71.148
614,Karoly,Rattenbury,krattenburyh1@1688.com,Female,217.65.113.168
615,Jordan,Lord,jlordh2@cbslocal.com,Male,201.192.152.184
616,Jolie,Silkston,jsilkstonh3@paypal.com,Female,241.209.121.186
617,Oates,Boydon,oboydonh4@blogspot.com,Male,167.25.4.171
618,Ashbey,Dennerley,adennerleyh5@yahoo.com,Male,137.133.30.217
619,Torrey,Houston,thoustonh6@hatena.ne.jp,Male,91.79.45.224
620,Johnathon,Rennison,jrennisonh7@sun.com,Male,174.26.162.216
621,Lou,Rudland,lrudlandh8@wordpress.com,Male,191.102.137.5
622,Petronia,Rowbottom,prowbottomh9@naver.com,Female,104.155.56.205
623,Baxy,Lupson,blupsonha@salon.com,Male,52.236.11.98
624,Chico,Curphey,ccurpheyhb@google.com.br,Male,138.89.112.102
625,Ursuline,Jacob,ujacobhc@blogger.com,Female,138.185.146.239
626,Donica,Scopyn,dscopynhd@hao123.com,Female,201.58.201.4
627,Arluene,Proom,aproomhe@dyndns.org,Female,46.224.73.226
628,Lou,Kimmitt,lkimmitthf@networksolutions.com,Male,179.148.128.58
629,Vaclav,Grube,vgrubehg@paginegialle.it,Male,88.3.37.208
630,Peri,Burgher,pburgherhh@1und1.de,Female,52.175.100.182
631,Henriette,St. Quintin,hstquintinhi@slideshare.net,Female,229.233.190.253
632,Karney,Rymell,krymellhj@cnet.com,Male,109.126.63.99
633,Monique,Beney,mbeneyhk@rambler.ru,Female,23.224.209.224
634,Selinda,Male,smalehl@sina.com.cn,Female,111.134.103.229
635,Marline,Gleave,mgleavehm@google.de,Female,230.205.189.225
636,Ema,Swatridge,eswatridgehn@thetimes.co.uk,Female,16.95.177.243
637,Jennine,Dilks,jdilksho@xinhuanet.com,Female,236.138.27.98
638,Mohandis,Dyhouse,mdyhousehp@techcrunch.com,Male,106.167.94.220
639,Auberta,Camili,acamilihq@columbia.edu,Female,237.105.231.210
640,Fayre,Le febre,flefebrehr@spiegel.de,Female,250.106.201.102
641,Anitra,Proom,aproomhs@mayoclinic.com,Female,188.169.132.87
642,Chryste,Mocker,cmockerht@pen.io,Female,16.186.110.8
643,Carl,Ferri,cferrihu@sciencedaily.com,Male,219.190.220.154
644,Malanie,Wimpress,mwimpresshv@ucoz.ru,Female,248.49.238.92
645,Ario,Bough,aboughhw@wisc.edu,Male,46.122.164.92
646,Lyon,Scarsbrook,lscarsbrookhx@auda.org.au,Male,230.243.229.244
647,Isaiah,Gimlet,igimlethy@auda.org.au,Male,49.153.119.185
648,Bevon,Eate,beatehz@de.vu,Male,205.85.154.116
649,Randi,Kenion,rkenioni0@redcross.org,Male,25.126.222.15
650,Gabi,Giacubo,ggiacuboi1@mysql.com,Male,169.137.136.182
651,Shawn,Reddyhoff,sreddyhoffi2@comsenz.com,Male,124.128.12.72
652,Boris,Ormshaw,bormshawi3@woothemes.com,Male,134.213.174.212
653,Nicolis,Hamblington,nhamblingtoni4@opera.com,Male,110.4.224.200
654,Morris,Chisholme,mchisholmei5@sogou.com,Male,86.225.87.159
655,Wyatan,Simmgen,wsimmgeni6@cornell.edu,Male,168.29.124.206
656,Eduino,Muck,emucki7@google.com,Male,222.214.142.242
657,Court,Kembry,ckembryi8@phoca.cz,Male,13.186.63.238
658,Renell,Yakubov,ryakubovi9@java.com,Female,230.251.87.103
659,West,Ocheltree,wocheltreeia@sfgate.com,Male,92.139.118.177
660,Aloin,Coutts,acouttsib@bbc.co.uk,Male,66.207.36.85
661,Elizabeth,Sharper,esharperic@wordpress.com,Female,22.115.8.105
662,Fredelia,Grenville,fgrenvilleid@yellowpages.com,Female,144.108.117.199
663,Jaye,Andrzejewski,jandrzejewskiie@state.tx.us,Male,157.94.63.246
664,Alicea,Fabbri,afabbriif@europa.eu,Female,3.114.95.212
665,Emilee,Fairbrother,efairbrotherig@wsj.com,Female,164.176.1.165
666,Phil,Cowlas,pcowlasih@fda.gov,Female,255.203.191.32
667,Xylia,Barr,xbarrii@blog.com,Female,222.206.139.30
668,Hermione,Gethin,hgethinij@admin.ch,Female,41.176.107.196
669,Farrel,Benting,fbentingik@reddit.com,Male,5.170.74.175
670,Concordia,Degnen,cdegnenil@washingtonpost.com,Female,59.79.102.117
671,Stephen,Guthrum,sguthrumim@msn.com,Male,167.145.208.119
672,Peria,Jeaneau,pjeaneauin@cnet.com,Female,149.26.116.2
673,Kyla,Leathard,kleathardio@boston.com,Female,181.52.7.25
674,Caty,Labden,clabdenip@live.com,Female,149.234.173.247
675,Roderich,Oret,roretiq@cbc.ca,Male,83.236.212.223
676,Obie,Libbe,olibbeir@tinypic.com,Male,128.25.104.90
677,Vito,Brun,vbrunis@marriott.com,Male,232.94.149.47
678,Nataline,Rawson,nrawsonit@hc360.com,Female,140.11.184.36
679,Tull,Decourcy,tdecourcyiu@csmonitor.com,Male,197.238.13.143
680,Jereme,Yitzhakof,jyitzhakofiv@blogger.com,Male,122.186.253.78
681,Julienne,Cotterell,jcotterelliw@statcounter.com,Female,26.38.132.103
682,Jason,Siddell,jsiddellix@wordpress.com,Male,124.195.64.193
683,Gualterio,Merryman,gmerrymaniy@unicef.org,Male,104.252.2.1
684,Marci,Levey,mleveyiz@stanford.edu,Female,131.42.50.218
685,Renell,Tremlett,rtremlettj0@soup.io,Female,56.71.44.237
686,Rooney,Finn,rfinnj1@shutterfly.com,Male,140.98.21.8
687,Margery,Endersby,mendersbyj2@mozilla.com,Female,119.23.219.227
688,Viviana,Crumpton,vcrumptonj3@csmonitor.com,Female,168.80.136.229
689,Tildi,Manueli,tmanuelij4@mapquest.com,Female,160.39.68.39
690,Lothaire,Mowles,lmowlesj5@abc.net.au,Male,150.216.78.250
691,Wayland,Bilverstone,wbilverstonej6@fotki.com,Male,52.227.216.160
692,Merl,Sollowaye,msollowayej7@google.nl,Female,89.123.32.20
693,Arv,Arnatt,aarnattj8@wufoo.com,Male,130.48.21.246
694,Bone,Blakely,bblakelyj9@pen.io,Male,201.98.133.152
695,Esteban,Rowlatt,erowlattja@forbes.com,Male,168.172.227.95
696,Bernadine,Bagnall,bbagnalljb@google.it,Female,87.10.243.4
697,Haley,Dash,hdashjc@paypal.com,Male,132.123.176.195
698,Sherye,McKimmey,smckimmeyjd@google.nl,Female,133.152.65.172
699,Robinett,Arthur,rarthurje@blogspot.com,Female,155.24.191.23
700,Ericka,Cundy,ecundyjf@goo.gl,Female,149.94.175.198
701,Nissie,Bellows,nbellowsjg@livejournal.com,Female,22.80.47.46
702,Gabbie,Cannavan,gcannavanjh@tinypic.com,Female,29.137.38.215
703,Gipsy,Walcot,gwalcotji@bandcamp.com,Female,66.236.163.141
704,Mattias,Tace,mtacejj@youku.com,Male,117.85.177.202
705,Jocelin,Minichi,jminichijk@oracle.com,Female,136.81.45.176
706,Parnell,Ouver,pouverjl@ihg.com,Male,94.254.1.205
707,Mureil,Ashton,mashtonjm@sfgate.com,Female,28.160.96.173
708,Brantley,Devote,bdevotejn@jugem.jp,Male,251.209.254.235
709,Myca,Tremouille,mtremouillejo@cnbc.com,Male,32.120.41.213
710,Corinne,Joder,cjoderjp@whitehouse.gov,Female,109.252.77.129
711,Harry,Mustarde,hmustardejq@nymag.com,Male,183.11.85.138
712,Avigdor,Jagielski,ajagielskijr@purevolume.com,Male,124.167.235.4
713,Germain,Melloy,gmelloyjs@soup.io,Female,23.17.121.19
714,Budd,Dessent,bdessentjt@mapy.cz,Male,153.69.215.21
715,Shay,Shorey,sshoreyju@phoca.cz,Male,206.158.117.45
716,Almire,Prosch,aproschjv@blog.com,Female,231.241.143.140
717,Melvyn,Bartalin,mbartalinjw@umn.edu,Male,40.177.2.149
718,Hector,Toopin,htoopinjx@forbes.com,Male,97.57.142.107
719,Trev,Mintoff,tmintoffjy@google.co.jp,Male,123.237.244.152
720,Lucho,Tuxill,ltuxilljz@mashable.com,Male,41.93.84.195
721,Mart,Haffner,mhaffnerk0@examiner.com,Male,251.231.196.148
722,Doralin,McOwan,dmcowank1@google.it,Female,72.44.129.39
723,Katerina,Pagan,kpagank2@mlb.com,Female,69.151.176.102
724,Matias,Waterdrinker,mwaterdrinkerk3@hao123.com,Male,31.147.118.87
725,Vivianne,Lafaye,vlafayek4@gmpg.org,Female,27.183.136.160
726,Zelig,Roxby,zroxbyk5@theglobeandmail.com,Male,201.78.91.135
727,Renaldo,Bracknell,rbracknellk6@feedburner.com,Male,59.180.41.240
728,Elyssa,Haile,ehailek7@rambler.ru,Female,213.173.111.98
729,Laurens,Witherup,lwitherupk8@springer.com,Male,53.106.70.210
730,Darelle,Derrell,dderrellk9@patch.com,Female,254.109.41.155
731,August,Buckie,abuckieka@shareasale.com,Male,18.66.7.60
732,Melloney,Tippler,mtipplerkb@nasa.gov,Female,168.133.227.194
733,Fields,Gratrix,fgratrixkc@storify.com,Male,35.37.162.30
734,Selia,Warcop,swarcopkd@comcast.net,Female,230.224.80.115
735,Hallsy,Brailsford,hbrailsfordke@bloglovin.com,Male,121.20.203.181
736,Betteann,Kramer,bkramerkf@amazon.com,Female,66.125.248.150
737,Casey,Ramalho,cramalhokg@zimbio.com,Male,156.169.190.136
738,Verine,Yarr,vyarrkh@va.gov,Female,121.143.46.20
739,Amye,Blackney,ablackneyki@purevolume.com,Female,151.255.246.74
740,Dennis,Jaszczak,djaszczakkj@usa.gov,Male,250.209.130.205
741,Alyce,Meadmore,ameadmorekk@arstechnica.com,Female,10.34.192.1
742,Silvanus,Ingerman,singermankl@comcast.net,Male,154.112.74.148
743,Berkly,Rivalland,brivallandkm@qq.com,Male,26.102.117.130
744,Donall,Furphy,dfurphykn@photobucket.com,Male,228.189.90.150
745,Jasen,Jozsef,jjozsefko@gov.uk,Male,177.152.44.167
746,Daren,Badrick,dbadrickkp@jalbum.net,Male,135.12.164.100
747,Harlen,Hafner,hhafnerkq@earthlink.net,Male,193.23.163.114
748,Alix,Pleven,aplevenkr@ask.com,Male,156.59.252.228
749,Noella,Wyburn,nwyburnks@bloglines.com,Female,222.160.185.114
750,Ursola,Clift,ucliftkt@livejournal.com,Female,4.191.226.121
751,Haven,Urlich,hurlichku@disqus.com,Male,246.112.0.19
752,Berty,Stoute,bstoutekv@arstechnica.com,Female,205.178.11.249
753,Zacharia,Werlock,zwerlockkw@purevolume.com,Male,115.209.113.72
754,Polly,Scrace,pscracekx@ocn.ne.jp,Female,188.0.186.13
755,Cullie,Wiburn,cwiburnky@360.cn,Male,38.61.176.177
756,Oona,Trew,otrewkz@jiathis.com,Female,238.186.129.12
757,Stace,MacConneely,smacconneelyl0@ovh.net,Female,250.156.139.85
758,Harley,Breznovic,hbreznovicl1@vk.com,Male,145.235.212.215
759,Brewer,Duffit,bduffitl2@google.com.au,Male,37.161.69.108
760,Marilyn,Redsell,mredselll3@utexas.edu,Female,84.221.140.152
761,Lettie,Orteu,lorteul4@tamu.edu,Female,129.169.235.36
762,Brose,Morphey,bmorpheyl5@ed.gov,Male,137.45.122.27
763,Kendricks,Finlaison,kfinlaisonl6@usgs.gov,Male,211.171.104.122
764,Gamaliel,Baroch,gbarochl7@cdbaby.com,Male,123.190.247.4
765,Olenolin,Vader,ovaderl8@harvard.edu,Male,83.87.133.56
766,Roxanne,Shelsher,rshelsherl9@quantcast.com,Female,32.113.33.194
767,Ugo,Leaves,uleavesla@zimbio.com,Male,254.142.105.136
768,Robb,Tollow,rtollowlb@blogspot.com,Male,229.96.13.159
769,Garrek,Ivett,givettlc@webmd.com,Male,183.95.168.93
770,Ardella,Sugg,asuggld@163.com,Female,149.176.244.30
771,Polly,Parkman,pparkmanle@eepurl.com,Female,57.208.74.38
772,Connie,Grangier,cgrangierlf@cbsnews.com,Male,10.74.108.35
773,Bucky,Sadat,bsadatlg@4shared.com,Male,245.98.80.73
774,Diahann,Porch,dporchlh@google.cn,Female,125.8.2.165
775,Wandis,Crolla,wcrollali@wikimedia.org,Female,181.157.135.102
776,Zedekiah,Ingrem,zingremlj@wunderground.com,Male,158.2.80.218
777,Kaleb,Kenningham,kkenninghamlk@nasa.gov,Male,100.214.108.66
778,Teodoor,Schowenburg,tschowenburgll@princeton.edu,Male,119.234.60.133
779,Cort,Dederick,cdedericklm@google.com.au,Male,46.126.177.87
780,Sue,Spriggs,sspriggsln@ocn.ne.jp,Female,93.213.141.106
781,Idalina,Folbigg,ifolbigglo@reuters.com,Female,67.125.87.49
782,Bastien,Pickard,bpickardlp@biglobe.ne.jp,Male,18.201.161.135
783,Penelopa,Perham,pperhamlq@1und1.de,Female,130.60.23.187
784,Guss,Bassom,gbassomlr@clickbank.net,Male,209.210.169.97
785,Stormy,Drinkhall,sdrinkhallls@comcast.net,Female,242.64.153.149
786,Grove,Crane,gcranelt@umich.edu,Male,227.248.166.71
787,Merrile,Pittendreigh,mpittendreighlu@soup.io,Female,155.76.42.212
788,Gregor,McGlaughn,gmcglaughnlv@technorati.com,Male,0.100.8.232
789,Charmain,Teas,cteaslw@google.it,Female,61.160.187.234
790,Berky,Gillfillan,bgillfillanlx@clickbank.net,Male,148.123.126.205
791,Abigail,Gentry,agentryly@narod.ru,Female,139.10.29.181
792,Ileane,Goldsbury,igoldsburylz@wired.com,Female,58.173.243.93
793,Marylinda,Magog,mmagogm0@instagram.com,Female,193.179.169.248
794,Ginni,Olenchikov,golenchikovm1@angelfire.com,Female,53.149.206.133
795,Malvina,Wooles,mwoolesm2@state.gov,Female,34.122.89.9
796,Karon,Brabham,kbrabhamm3@youtu.be,Female,120.127.125.37
797,Mechelle,Carlens,mcarlensm4@canalblog.com,Female,19.227.69.126
798,Violette,Dunridge,vdunridgem5@about.com,Female,13.208.112.97
799,Vernice,Kirtley,vkirtleym6@nih.gov,Female,173.108.44.250
800,Josselyn,Dodge,jdodgem7@amazon.com,Female,217.252.214.152
801,Tarrance,Jayume,tjayumem8@xing.com,Male,10.190.68.0
802,Lawry,Kelmere,lkelmerem9@earthlink.net,Male,159.215.120.156
803,Reggis,Milne,rmilnema@salon.com,Male,127.33.250.125
804,Helen,Sealand,hsealandmb@goodreads.com,Female,242.96.17.190
805,Adler,Scotting,ascottingmc@facebook.com,Male,230.51.150.76
806,Dot,Wasbrough,dwasbroughmd@flickr.com,Female,93.32.76.34
807,Davin,McCuaig,dmccuaigme@ezinearticles.com,Male,243.33.248.204
808,Jon,Everist,jeveristmf@businessweek.com,Male,242.100.127.202
809,Zaneta,Brookfield,zbrookfieldmg@liveinternet.ru,Female,77.149.76.243
810,Emile,Giacometti,egiacomettimh@yale.edu,Male,229.157.230.196
811,Raimondo,O'Beirne,robeirnemi@ca.gov,Male,51.105.185.82
812,Orville,Dysart,odysartmj@soundcloud.com,Male,72.63.221.93
813,Broddy,O'Fairy,bofairymk@cafepress.com,Male,45.172.129.62
814,Amelita,Aspall,aaspallml@loc.gov,Female,34.86.25.139
815,Herby,Carswell,hcarswellmm@abc.net.au,Male,177.124.4.20
816,Abagael,Melanaphy,amelanaphymn@hc360.com,Female,179.159.50.81
817,Ignacius,Cockin,icockinmo@state.tx.us,Male,195.93.31.180
818,Muffin,MacGinlay,mmacginlaymp@prnewswire.com,Female,177.82.35.168
819,Chrisse,Haverson,chaversonmq@51.la,Male,115.198.120.36
820,Graham,MacCaughen,gmaccaughenmr@discuz.net,Male,49.49.215.18
821,Marta,Alcorn,malcornms@merriam-webster.com,Female,7.105.85.237
822,Niall,Hyndson,nhyndsonmt@meetup.com,Male,35.41.140.150
823,Ursuline,Mattessen,umattessenmu@pinterest.com,Female,121.175.26.133
824,Dell,Tortoise,dtortoisemv@techcrunch.com,Male,113.5.71.36
825,Broderic,Bould,bbouldmw@google.cn,Male,43.70.30.156
826,Fair,Hellen,fhellenmx@surveymonkey.com,Male,65.233.164.38
827,Cornelius,Mellor,cmellormy@msn.com,Male,57.248.178.10
828,Brandie,Sansbury,bsansburymz@adobe.com,Female,19.6.170.76
829,Richy,Curnick,rcurnickn0@cdc.gov,Male,134.117.148.73
830,Arthur,Bogays,abogaysn1@hostgator.com,Male,60.60.236.65
831,Clarance,Oldrey,coldreyn2@xrea.com,Male,231.255.53.128
832,Haydon,Beaver,hbeavern3@plala.or.jp,Male,134.218.192.71
833,Wallace,Hilhouse,whilhousen4@tumblr.com,Male,68.212.12.218
834,Hollyanne,Polsin,hpolsinn5@scribd.com,Female,201.141.92.41
835,Valenka,Payler,vpaylern6@lycos.com,Female,165.1.20.16
836,Cornie,Wren,cwrenn7@fotki.com,Female,54.8.154.67
837,Sarette,Goulder,sgouldern8@eepurl.com,Female,99.223.175.140
838,Kaja,Vink,kvinkn9@si.edu,Female,101.124.40.48
839,Petronella,Codner,pcodnerna@oakley.com,Female,192.236.254.232
840,Dale,Basill,dbasillnb@php.net,Male,184.207.118.64
841,Lynde,Tranmer,ltranmernc@yellowpages.com,Female,37.38.249.25
842,Tadd,Moizer,tmoizernd@smh.com.au,Male,31.143.164.92
843,Virgina,Yockney,vyockneyne@gizmodo.com,Female,231.144.99.215
844,Birch,Newborn,bnewbornnf@tripod.com,Male,72.109.147.154
845,Eugine,Spedding,espeddingng@hatena.ne.jp,Female,90.162.71.2
846,Lavena,Espinazo,lespinazonh@latimes.com,Female,20.91.96.198
847,Dinny,Sifleet,dsifleetni@livejournal.com,Female,27.20.40.100
848,Dene,Hagstone,dhagstonenj@e-recht24.de,Male,21.184.172.218
849,Herschel,Borgars,hborgarsnk@admin.ch,Male,193.43.222.253
850,Andrea,Cullity,acullitynl@twitpic.com,Female,169.248.175.117
851,Hussein,Durtnal,hdurtnalnm@exblog.jp,Male,53.101.2.175
852,Scotti,Leif,sleifnn@wordpress.com,Male,86.235.214.157
853,Ella,Huguenet,ehuguenetno@cargocollective.com,Female,188.63.192.244
854,Lowe,Laughlin,llaughlinnp@house.gov,Male,132.180.246.41
855,Dita,Coleborn,dcolebornnq@nyu.edu,Female,199.101.121.81
856,Arnie,Kasbye,akasbyenr@prlog.org,Male,135.18.7.4
857,Herc,Stonbridge,hstonbridgens@wired.com,Male,31.58.233.120
858,Mellisa,Lodevick,mlodevicknt@deviantart.com,Female,134.229.23.151
859,Agnesse,Hindshaw,ahindshawnu@topsy.com,Female,118.55.116.202
860,Ermentrude,Fewlass,efewlassnv@wunderground.com,Female,95.74.78.221
861,Bryant,Bugbird,bbugbirdnw@usda.gov,Male,147.230.207.186
862,Othello,MacCarter,omaccarternx@aboutads.info,Male,243.239.171.26
863,Anjela,Fulleylove,afulleyloveny@tmall.com,Female,191.247.117.46
864,Kelli,Somerlie,ksomerlienz@go.com,Female,222.86.138.58
865,Brody,Pitkaithly,bpitkaithlyo0@sciencedirect.com,Male,67.164.144.142
866,Pat,Panting,ppantingo1@surveymonkey.com,Male,217.203.209.15
867,Harvey,Laverock,hlaverocko2@google.es,Male,177.221.33.9
868,Margaux,Amsden,mamsdeno3@va.gov,Female,220.179.163.88
869,Willdon,Povah,wpovaho4@fastcompany.com,Male,162.147.127.137
870,Renaldo,Milburn,rmilburno5@photobucket.com,Male,76.220.194.45
871,Bruce,Hatchard,bhatchardo6@spiegel.de,Male,221.67.192.75
872,Goldina,Cowderoy,gcowderoyo7@ezinearticles.com,Female,120.109.121.180
873,Eolande,Lehr,elehro8@examiner.com,Female,126.143.133.175
874,Kendall,Filippyev,kfilippyevo9@ameblo.jp,Male,175.38.214.251
875,Aylmer,Storer,astoreroa@cdc.gov,Male,183.38.20.155
876,Cookie,Epdell,cepdellob@archive.org,Female,207.69.62.247
877,Drucill,Plaide,dplaideoc@dailymotion.com,Female,207.253.26.87
878,Deni,Gantley,dgantleyod@tiny.cc,Female,32.105.39.4
879,Isaak,Bartell,ibartelloe@bbb.org,Male,84.6.167.77
880,Loren,Seston,lsestonof@dell.com,Male,9.242.242.200
881,Bernard,Gaven,bgavenog@cam.ac.uk,Male,231.174.218.230
882,Theodore,Cammiemile,tcammiemileoh@printfriendly.com,Male,180.120.10.9
883,Ame,Schenkel,aschenkeloi@shutterfly.com,Female,127.168.247.14
884,Kasper,Lillecrap,klillecrapoj@ocn.ne.jp,Male,24.254.217.37
885,Neal,Rawlyns,nrawlynsok@senate.gov,Male,151.148.184.119
886,Kellyann,Garwill,kgarwillol@hatena.ne.jp,Female,71.38.162.135
887,Ginni,Callister,gcallisterom@economist.com,Female,145.243.164.39
888,Dore,Castenda,dcastendaon@w3.org,Female,252.144.1.211
889,Trevor,Donan,tdonanoo@wordpress.org,Male,216.167.144.212
890,Holly-anne,Siaspinski,hsiaspinskiop@sogou.com,Female,114.201.5.139
891,Harmony,Hune,hhuneoq@statcounter.com,Female,241.189.83.87
892,Miguel,Oddboy,moddboyor@psu.edu,Male,141.250.191.78
893,Florri,Blunt,fbluntos@over-blog.com,Female,154.216.32.47
894,Normie,Winslet,nwinsletot@sina.com.cn,Male,13.243.92.88
895,Demetrius,Blowfelde,dblowfeldeou@tripod.com,Male,155.116.45.87
896,Kellina,Losel,kloselov@facebook.com,Female,119.13.147.110
897,Gwennie,Featherstonehaugh,gfeatherstonehaughow@icq.com,Female,51.208.19.132
898,Buffy,Jurkiewicz,bjurkiewiczox@mail.ru,Female,167.221.119.75
899,Valentina,Gowthrop,vgowthropoy@discovery.com,Female,87.29.48.203
900,Darrick,Ditts,ddittsoz@about.me,Male,12.152.39.175
901,Butch,Gothliff,bgothliffp0@addtoany.com,Male,123.117.18.253
902,Norene,Sessuns,nsessunsp1@businesswire.com,Female,225.148.98.104
903,Tabbie,Gatecliff,tgatecliffp2@pagesperso-orange.fr,Female,72.175.39.35
904,Gretna,Nolte,gnoltep3@pbs.org,Female,195.192.85.165
905,Ilyse,Burleton,iburletonp4@engadget.com,Female,237.160.145.203
906,Ancell,Cluckie,acluckiep5@ftc.gov,Male,249.224.150.17
907,Fielding,Harberer,fharbererp6@wordpress.com,Male,42.212.126.53
908,Redd,Kumar,rkumarp7@opera.com,Male,138.2.231.85
909,Donaugh,Hedau,dhedaup8@tinyurl.com,Male,33.19.68.72
910,Federico,Winks,fwinksp9@bluehost.com,Male,196.213.202.30
911,Correna,Lansly,clanslypa@umn.edu,Female,14.10.123.200
912,Aylmar,Giacomini,agiacominipb@mac.com,Male,132.33.93.177
913,Reynard,Clague,rclaguepc@hexun.com,Male,140.49.199.133
914,Catrina,Dod,cdodpd@blinklist.com,Female,40.160.51.80
915,Tamarra,Marrington,tmarringtonpe@51.la,Female,63.163.140.82
916,Bailey,Jeannaud,bjeannaudpf@list-manage.com,Male,101.213.165.65
917,Britteny,Blower,bblowerpg@aol.com,Female,167.66.124.171
918,Marigold,Baddow,mbaddowph@china.com.cn,Female,43.236.40.215
919,Gusella,Peyes,gpeyespi@bloomberg.com,Female,148.67.52.126
920,Bibbye,Benner,bbennerpj@reuters.com,Female,113.11.162.104
921,Zed,Miller,zmillerpk@economist.com,Male,47.152.241.174
922,Sammy,Haszard,shaszardpl@umn.edu,Female,138.237.186.221
923,Adelbert,Kibbel,akibbelpm@deliciousdays.com,Male,58.187.30.252
924,Mab,Dumingos,mdumingospn@webeden.co.uk,Female,158.87.12.18
925,Turner,Kaysor,tkaysorpo@elegantthemes.com,Male,139.69.18.10
926,Read,Wheway,rwhewaypp@eventbrite.com,Male,148.208.87.128
927,Cello,Marchi,cmarchipq@sciencedaily.com,Male,80.94.145.58
928,Forbes,Bussetti,fbussettipr@qq.com,Male,220.220.43.160
929,Huey,Redholes,hredholesps@google.com.hk,Male,47.74.44.179
930,Ricca,Pyecroft,rpyecroftpt@moonfruit.com,Female,38.230.74.7
931,Wyndham,Trevain,wtrevainpu@icio.us,Male,146.187.172.18
932,Miguelita,Mattinson,mmattinsonpv@blogs.com,Female,151.209.203.106
933,Ediva,MacAless,emacalesspw@domainmarket.com,Female,77.122.221.210
934,Hatti,Bridgwood,hbridgwoodpx@pcworld.com,Female,19.66.53.74
935,Emile,Blankau,eblankaupy@state.tx.us,Male,218.195.232.104
936,Cally,Abrahams,cabrahamspz@soundcloud.com,Female,110.202.238.233
937,Hazlett,Driscoll,hdriscollq0@canalblog.com,Male,108.29.92.225
938,Benji,Bound,bboundq1@mit.edu,Male,203.134.83.90
939,Sela,Mayward,smaywardq2@tinyurl.com,Female,49.117.108.79
940,Dorelia,Huetson,dhuetsonq3@posterous.com,Female,43.244.134.158
941,Chiquita,Grestye,cgrestyeq4@hao123.com,Female,159.160.228.36
942,Duffy,Patifield,dpatifieldq5@dot.gov,Male,157.232.30.11
943,Leeanne,Fullstone,lfullstoneq6@wordpress.org,Female,6.18.18.41
944,Pauly,Aubrey,paubreyq7@tripod.com,Female,62.188.45.70
945,Kennie,Dewar,kdewarq8@netlog.com,Male,4.136.11.119
946,Bjorn,Ainger,baingerq9@t.co,Male,165.35.107.190
947,Geno,Alvaro,galvaroqa@lulu.com,Male,203.189.16.216
948,Brody,Barden,bbardenqb@msu.edu,Male,11.25.96.110
949,Enrico,Leaming,eleamingqc@xing.com,Male,95.181.11.0
950,Ferdy,Beste,fbesteqd@nbcnews.com,Male,235.34.120.184
951,Artemus,Gresty,agrestyqe@arizona.edu,Male,47.160.164.14
952,Abby,Tytler,atytlerqf@earthlink.net,Female,22.253.9.15
953,Whitman,Beacon,wbeaconqg@yandex.ru,Male,8.167.128.27
954,Joelie,Drewett,jdrewettqh@phoca.cz,Female,234.248.57.240
955,Salmon,Ronchetti,sronchettiqi@github.io,Male,201.128.38.180
956,Auguste,Anthiftle,aanthiftleqj@indiegogo.com,Female,42.173.221.236
957,Bartel,Yurinov,byurinovqk@fema.gov,Male,201.57.238.0
958,Augustine,Zellick,azellickql@google.fr,Male,145.125.220.162
959,Vicky,Winsborrow,vwinsborrowqm@globo.com,Female,192.160.218.221
960,Wileen,Hallin,whallinqn@addtoany.com,Female,69.164.232.145
961,Allie,Gagen,agagenqo@t.co,Male,170.231.68.183
962,Sophronia,Wheadon,swheadonqp@hubpages.com,Female,119.29.166.228
963,Rafaelia,Durgan,rdurganqq@reverbnation.com,Female,135.247.106.222
964,Tricia,Osborn,tosbornqr@blogger.com,Female,185.249.221.165
965,Murdoch,Fussie,mfussieqs@ehow.com,Male,28.52.39.185
966,Matias,Cummins,mcumminsqt@drupal.org,Male,143.25.185.200
967,Margery,Shellshear,mshellshearqu@theglobeandmail.com,Female,56.37.57.168
968,Brook,Sommersett,bsommersettqv@telegraph.co.uk,Male,85.106.99.183
969,Donaugh,Laite,dlaiteqw@ocn.ne.jp,Male,3.235.157.160
970,Urban,Ireson,uiresonqx@chronoengine.com,Male,249.142.139.28
971,Virginia,Kelsell,vkelsellqy@msu.edu,Female,88.186.238.243
972,Susy,Scimone,sscimoneqz@webnode.com,Female,102.229.231.152
973,Con,Shakle,cshakler0@discuz.net,Male,176.147.209.246
974,Celina,MacAindreis,cmacaindreisr1@acquirethisname.com,Female,110.232.1.197
975,Zollie,Sharrock,zsharrockr2@who.int,Male,112.117.110.211
976,Penny,Vidgen,pvidgenr3@vimeo.com,Female,122.201.68.82
977,Rogerio,Hambidge,rhambidger4@about.me,Male,71.166.192.123
978,Maggee,Phebee,mphebeer5@ibm.com,Female,139.26.145.29
979,Erminia,Vaneev,evaneevr6@studiopress.com,Female,175.9.80.173
980,Sissie,Tradewell,stradewellr7@blog.com,Female,202.56.87.153
981,Durand,Filintsev,dfilintsevr8@mtv.com,Male,204.148.130.58
982,Elyssa,Castagno,ecastagnor9@dailymotion.com,Female,223.107.58.96
983,Bette,Teresa,bteresara@usa.gov,Female,74.171.39.109
984,Dareen,Byrcher,dbyrcherrb@goo.gl,Female,157.224.229.82
985,Pincus,D'eathe,pdeatherc@weibo.com,Male,244.4.5.228
986,Gualterio,Doncaster,gdoncasterrd@cnet.com,Male,237.202.214.148
987,Warner,Neagle,wneaglere@instagram.com,Male,100.186.131.118
988,Worthy,Klossmann,wklossmannrf@buzzfeed.com,Male,159.187.203.161
989,Car,Mollatt,cmollattrg@reddit.com,Male,136.197.83.35
990,Shanda,Domelaw,sdomelawrh@buzzfeed.com,Female,89.169.33.131
991,Cherie,Ashleigh,cashleighri@businessweek.com,Female,154.243.69.191
992,Opal,Rushworth,orushworthrj@multiply.com,Female,174.82.25.186
993,Colline,Thomen,cthomenrk@pagesperso-orange.fr,Female,197.113.25.31
994,Charis,Sings,csingsrl@zimbio.com,Female,182.20.19.24
995,Ban,Gytesham,bgyteshamrm@google.com.au,Male,96.12.1.138
996,Fifine,Pike,fpikern@t-online.de,Female,176.75.51.19
997,Simmonds,Graddon,sgraddonro@mozilla.org,Male,158.230.199.71
998,Sol,Carriage,scarriagerp@time.com,Male,129.34.174.214
999,Ashien,Dorot,adorotrq@shareasale.com,Female,248.177.114.23
1000,Bobbe,Syphus,bsyphusrr@google.com,Female,4.7.224.251
